HO,CD
11,33
11,50
5,48
8,41
10,45
15,35
6,57
15,54
11,40
16,37
10,48
15,33
8,37
14,46
12,42
12,29
13,48
12,45
16,41
13,39
9,46
14,39
11,34
12,43
9,39
6,40
11,52
16,33
14,48
11,45
11,45
12,28
7,39
14,38
20,45
8,42
11,41
12,43
10,30
15,47
8,47
10,32
16,52
14,42
12,43
12,38
12,29
14,31
10,43
14,34
12,47
11,49
11,40
7,42
12,39
9,36
11,47
8,34
11,50
7,41
4,51
11,40
10,35
6,43
14,40
8,40
8,37
10,45
9,40
9,44
11,36
12,33
12,36
6,42
9,50
11,41
12,48
4,38
7,47
10,39
10,28
8,47
4,45
18,41
8,36
16,36
10,44
13,46
16,38
15,38
13,41
12,32
12,53
11,26
11,40
11,41
13,44
18,41
13,47
14,36
12,46
12,30
8,45
8,38
8,44
9,48
8,41
16,47
7,39
9,36
15,29
6,45
22,42
15,43
8,45
12,52
10,37
9,43
9,40
9,41
15,34
10,42
11,40
12,49
15,46
11,42
14,36
17,47
12,36
9,36
8,35
13,42
6,41
16,39
7,41
17,43
7,39
10,40
7,40
5,43
11,47
9,44
15,33
11,52
9,37
13,36
13,38
6,33
13,46
9,43
17,43
14,47
10,45
10,45
6,40
11,39
14,39
11,39
13,45
6,44
10,48
9,40
7,44
13,46
11,39
14,33
12,50
11,35
12,44
7,43
8,36
10,48
11,43
10,42
14,47
21,38
14,39
7,57
11,40
14,40
15,41
13,32
12,48
14,42
14,37
17,48
6,39
12,38
5,39
10,46
13,26
9,41
7,41
9,34
14,38
10,47
12,36
14,39
17,40
9,35
13,38
7,27
8,49
10,43
8,46
13,53
11,47
10,49
12,37
3,57
12,41
10,33
7,32
13,47
11,35
7,42
8,39
10,26
11,42
15,35
8,26
10,45
16,40
13,36
7,41
16,29
12,35
16,34
13,43
13,34
12,50
8,46
7,38
11,43
11,37
8,36
14,51
6,36
10,41
9,49
12,42
12,43
23,47
18,50
19,51
9,42
11,31
14,38
9,42
12,41
10,43
18,42
6,38
16,46
11,41
9,38
13,36
11,36
12,44
10,49
6,40
14,47
7,44
12,60
13,39
11,41
14,47
12,32
14,39
11,43
12,61
12,31
8,28
15,55
17,34
11,35
18,41
14,34
14,42
12,36
10,42
9,29
13,42
3,31
11,52
12,33
11,36
9,33
16,39
12,51
13,33
11,43
10,43
8,39
14,48
6,37
12,35
8,26
12,41
11,51
7,37
10,35
8,35
13,52
18,44
9,40
10,35
12,36
11,41
12,42
14,39
10,44
8,25
9,41
13,28
8,46
20,46
8,39
9,48
11,42
9,40
11,52
12,46
13,41
7,42
12,41
9,49
8,50
11,40
11,28
9,33
16,36
16,46
14,37
10,48
14,43
11,46
12,43
6,51
18,43
8,33
8,38
17,43
7,44
12,48
14,35
13,29
10,37
10,41
9,37
17,44
8,58
10,29
10,32
19,41
14,49
10,42
11,46
16,45
11,35
10,48
9,35
16,40
8,44
10,42
11,41
10,43
11,44
14,38
13,43
11,54
8,52
10,43
14,47
10,38
18,46
6,45
12,39
10,41
14,44
9,35
16,44
13,38
11,46
18,31
4,38
17,51
7,47
11,38
13,48
11,42
11,50
11,50
8,41
12,35
12,36
14,46
9,35
5,35
14,42
9,46
7,36
7,50
9,40
12,43
10,42
11,49
13,44
15,35
10,36
12,34
13,54
10,35
12,36
19,47
13,36
15,37
12,32
15,45
9,49
8,41
16,42
8,40
14,32
7,41
15,42
7,39
10,42
12,44
8,32
11,33
9,35
12,36
18,49
11,41
10,41
17,46
8,42
16,37
12,39
14,47
14,50
16,35
22,35
9,38
10,46
12,39
9,36
12,33
17,34
14,29
10,41
16,29
7,42
6,45
12,34
15,39
11,49
13,43
20,40
14,38
18,48
12,45
11,35
15,48
14,32
10,37
10,44
10,41
7,45
11,37
16,37
11,51
9,39
10,36
15,39
11,43
11,44
17,40
10,43
9,37
17,40
11,35
12,40
3,42
10,42
9,41
11,53
11,39
15,46
9,39
17,42
10,47
8,48
16,44
16,39
11,33
13,49
10,42
16,33
7,45
12,35
9,38
14,40
13,41
10,42
12,39
13,37
12,33
8,52
13,49
14,33
8,35
10,38
14,35
11,43
12,45
16,47
10,44
16,35
14,34
14,44
15,36
7,31
16,41
14,31
13,36
6,33
6,37
12,46
14,50
10,47
7,37
8,44
14,40
9,37
9,50
10,44
9,44
13,60
7,34
7,39
12,35
11,48
11,47
7,47
14,31
15,39
9,46
15,36
7,42
11,44
10,46
14,39
14,49
9,49
14,45
16,42
11,35
8,46
9,33
9,64
10,43
13,44
13,43
13,50
14,44
13,50
13,38
11,39
13,40
6,35
10,46
9,35
13,51
9,49
11,40
10,30
9,50
8,38
9,42
11,34
13,41
11,36
8,47
8,44
9,42
11,44
10,44
13,50
16,37
14,36
19,37
10,50
11,42
14,40
11,46
13,52
12,42
11,44
15,39
10,41
14,38
16,38
14,43
11,50
9,42
14,38
14,40
14,33
12,37
14,47
20,46
6,47
9,43
7,44
8,46
8,46
11,37
12,42
11,37
13,46
13,39
8,43
10,30
17,41
20,47
15,35
8,47
16,42
10,48
10,43
17,37
10,47
12,38
7,50
13,45
13,35
11,41
12,52
14,42
18,44
12,32
15,33
14,44
12,38
11,46
10,34
9,55
11,50
11,38
13,40
7,37
10,44
10,40
15,48
10,42
9,41
8,39
6,33
14,53
13,40
14,38
12,53
13,33
13,31
14,41
8,41
10,46
17,42
23,40
17,37
14,42
12,42
11,38
14,41
6,49
12,46
13,44
13,50
4,44
8,38
14,41
11,37
15,49
4,48
12,42
4,41
16,36
12,45
11,44
6,43
5,53
10,42
9,41
12,32
9,50
8,30
12,36
7,44
14,41
9,42
12,47
10,26
11,34
9,52
5,32
10,46
10,36
12,36
12,50
16,48
8,46
10,39
10,41
10,31
10,34
6,48
9,39
11,43
13,38
11,38
10,46
9,50
12,42
8,36
8,46
16,41
8,41
9,37
12,44
14,34
12,33
13,37
12,46
16,52
16,36
14,51
14,47
14,56
8,42
15,42
9,39
7,46
8,40
11,52
12,44
9,41
9,41
11,50
13,40
9,42
13,45
11,44
15,37
10,49
9,31
10,39
16,45
13,34
8,39
15,47
13,36
10,50
9,46
11,44
15,46
12,33
6,45
10,31
10,43
4,52
10,55
12,37
12,34
7,42
16,43
16,41
12,39
14,40
9,36
10,40
11,28
9,38
4,35
12,32
12,40
6,52
11,44
15,34
18,37
11,42
15,40
11,33
7,50
11,41
6,35
11,44
10,36
10,38
11,41
10,40
10,40
8,49
11,38
8,36
8,52
6,42
13,36
11,27
10,38
10,39
9,38
6,49
11,40
11,42
12,33
15,38
9,51
6,43
9,46
15,35
11,36
7,36
6,34
10,42
12,43
8,40
10,46
12,36
10,43
15,45
14,42
7,41
8,33
11,45
10,48
10,41
11,58
9,46
12,49
12,31
11,40
12,55
12,40
14,35
9,38
9,46
11,36
11,41
8,31
13,44
7,33
15,38
11,32
8,38
8,41
5,42
8,37
14,33
8,43
13,41
12,42
7,48
12,41
9,44
10,47
9,47
11,36
10,32
11,30
18,43
12,34
15,52
9,42
10,44
10,32
10,41
9,53
17,51
16,38
12,41
8,35
7,38
9,49
15,45
10,36
15,44
13,32
12,45
12,47
14,36
11,29
12,55
8,34
18,42
10,41
16,33
8,46
7,46
10,49
11,39
8,42
9,42
9,40
8,42
14,46
13,45
18,34
12,49
9,41
13,48
8,31
13,39
9,40
11,41
9,42
14,56
11,34
17,31
7,46
14,41
14,60
13,42
10,33
9,42
6,49
11,34
13,47
11,36
10,40
15,40
9,42
14,35
8,29
13,37
7,45
8,35
4,45
9,48
8,54
9,44
17,36
13,41
13,35
12,45
12,37
10,31
10,40
8,30
11,36
8,44
8,34
14,37
10,42
11,42
11,42
10,49
11,38
12,36
13,41
13,49
15,37
12,41
13,41
17,40
8,40
12,33
12,42
11,48
12,44
11,35
9,32
14,52
13,44
14,47
11,36
9,45
17,49
14,42
7,38
13,35
6,38
14,48
11,48
14,40
13,43
13,38
9,35
12,36
8,41
16,47
14,32
20,42
14,41
11,50
10,42
14,46
8,46
5,27
9,37
11,40
10,35
14,38
11,43
14,41
12,45
12,40
13,43
9,47
13,34
7,42
5,36
10,38
12,48
14,50
14,41
15,48
8,48
13,42
8,45
9,45
11,42
6,38
11,43
13,40
15,38
8,40
8,23
7,30
7,40
14,40
11,44
10,34
14,40
13,49
6,40
6,45
11,42
13,44
17,58
14,43
13,48
3,41
10,31
14,26
8,57
4,46
16,38
14,41
6,40
7,42
8,46
10,46
8,42
14,49
11,38
10,45
15,50
10,33
14,37
8,38
8,49
12,44
12,43
12,45
8,47
14,44
13,46
14,49
10,36
10,57
15,47
8,50
17,57
16,45
12,43
12,46
14,43
7,42
9,29
6,47
16,43
9,45
10,34
6,33
16,38
14,53
7,49
5,35
13,42
8,45
11,31
17,31
13,50
11,48
9,39
9,55
11,46
7,42
15,34
16,48
9,45
13,40
7,43
14,46
14,47
13,45
14,51
18,43
11,44
9,48
11,45
15,52
15,45
12,38
6,55
12,42
14,39
11,33
18,45
11,30
9,44
12,41
7,41
10,38
15,38
10,38
12,46
9,48
14,40
5,45
9,37
9,34
11,55
10,37
7,50
11,42
6,41
13,43
16,37
17,47
16,45
10,28
9,34
18,41
10,51
13,33
11,36
13,37
6,38
13,34
6,54
9,43
11,47
12,35
11,34
21,35
4,34
18,40
14,48
16,45
11,44
6,40
13,37
9,43
8,51
15,37
10,56
8,44
18,38
10,36
14,46
2,42
17,41
12,36
10,40
11,46
10,45
12,40
7,42
9,47
8,38
5,36
14,44
11,39
16,45
11,42
7,39
13,39
6,41
20,41
12,36
8,43
15,32
9,37
10,33
12,30
9,33
12,41
12,34
14,43
14,42
17,34
12,34
10,39
9,35
6,44
14,45
10,44
9,38
14,38
12,37
6,39
10,40
7,38
12,32
14,42
13,49
9,37
6,45
16,38
11,47
13,39
11,35
12,38
17,53
8,45
11,46
14,45
9,41
10,39
10,39
15,50
9,43
11,29
11,38
8,47
13,37
9,41
15,44
13,40
11,40
15,38
14,36
10,35
9,32
15,43
13,35
10,40
11,33
13,44
10,35
13,30
13,27
19,52
10,39
12,40
11,40
15,44
11,38
18,43
11,43
13,34
9,42
11,48
5,40
16,48
11,43
14,42
6,44
12,39
12,40
11,32
5,42
10,33
11,32
9,43
13,38
14,43
14,41
9,38
15,31
8,32
18,38
9,38
8,39
11,30
15,42
11,35
9,36
13,49
14,41
9,44
11,49
9,29
11,36
8,35
14,46
9,45
13,41
9,45
12,34
11,43
11,33
11,43
10,41
8,43
17,46
8,30
12,43
11,52
16,44
9,38
17,33
11,37
10,34
10,44
16,51
14,39
10,38
11,40
17,43
17,42
14,28
10,49
11,45
14,41
15,38
7,45
13,50
9,40
16,51
13,40
10,45
13,36
19,34
9,46
15,40
13,32
6,36
15,42
13,41
10,54
9,35
15,36
9,38
12,39
9,53
7,37
12,35
8,34
10,40
7,39
9,39
13,49
12,50
11,37
12,46
12,50
8,42
14,37
13,37
10,51
8,40
10,52
6,33
13,48
8,45
14,44
10,46
11,48
10,44
10,35
12,48
10,36
9,29
12,42
12,32
6,35
10,41
10,41
13,35
13,32
11,40
11,26
10,45
7,39
11,55
8,42
12,32
8,45
14,48
18,38
13,40
13,42
12,35
6,50
13,49
10,37
14,38
6,47
10,52
10,38
16,47
10,45
9,42
12,40
8,52
10,41
6,43
14,36
9,40
14,41
9,34
9,43
13,40
9,36
6,43
7,27
12,41
10,48
13,47
12,48
10,37
10,41
11,43
9,32
8,46
6,46
15,49
10,46
9,46
17,46
9,41
7,45
13,38
9,45
8,39
10,48
9,43
10,48
11,37
13,37
13,33
8,33
15,40
12,42
11,41
12,37
6,40
10,36
8,30
7,49
8,34
6,41
8,29
5,31
11,48
8,37
12,41
14,40
16,48
14,47
11,42
11,43
14,45
8,46
17,43
10,44
4,35
14,39
12,49
8,37
14,39
9,44
6,41
17,34
10,41
14,47
11,34
13,43
9,38
16,34
11,34
7,42
18,39
13,42
12,44
15,48
12,53
7,45
9,44
9,48
13,40
8,45
10,27
14,44
9,45
12,46
20,36
8,48
7,30
13,40
18,42
10,38
11,40
4,37
16,37
16,39
14,55
11,41
11,53
10,37
9,32
11,49
10,37
9,38
16,46
11,41
11,34
7,32
14,54
9,57
15,40
8,46
11,36
8,47
20,38
9,43
12,39
8,38
10,44
13,40
12,41
8,41
7,29
8,47
14,50
12,50
11,42
9,52
7,43
15,42
11,39
7,38
4,46
16,38
16,45
13,44
11,35
14,42
17,36
17,41
10,39
11,48
20,43
13,40
16,39
9,51
18,36
13,51
12,45
14,42
9,34
7,44
9,40
6,39
8,44
11,51
10,37
14,53
14,49
12,35
9,41
17,37
15,32
13,51
11,50
13,50
9,41
15,29
9,37
12,40
8,38
8,49
8,36
7,34
11,39
10,36
11,44
18,44
8,45
9,44
8,46
7,47
12,51
12,44
15,42
16,40
9,43
6,52
14,43
7,36
11,32
14,41
12,40
13,42
7,45
13,47
16,47
11,41
12,44
11,40
4,46
10,48
10,41
13,54
16,39
10,50
19,25
12,36
9,44
9,47
14,38
11,37
8,36
11,33
10,34
7,44
12,34
15,39
12,39
8,42
11,42
13,51
3,46
13,54
12,42
8,38
9,42
7,38
9,43
12,34
14,39
14,45
7,34
12,39
13,34
11,49
11,38
15,46
11,35
13,34
15,39
10,32
9,39
9,46
14,40
12,49
13,40
16,30
11,33
11,50
14,52
15,36
13,41
15,40
11,34
8,41
9,43
12,42
16,31
15,51
12,40
15,43
13,41
8,38
11,39
12,58
5,35
14,41
9,48
9,47
11,33
10,44
8,41
8,46
11,49
14,38
14,44
10,30
20,40
10,45
9,43
10,43
9,38
13,42
10,40
10,42
15,50
12,43
16,44
9,30
16,39
4,42
10,41
13,41
18,43
9,44
5,46
17,43
10,36
11,49
13,45
17,41
16,38
20,46
8,44
18,46
12,40
16,40
10,49
11,42
17,41
11,41
15,34
12,37
14,36
9,45
7,55
9,35
12,34
14,25
10,47
12,37
11,41
8,50
9,45
9,45
6,37
17,43
4,36
11,48
11,33
9,38
15,52
8,46
12,33
20,38
13,44
14,45
8,50
10,44
12,53
10,35
9,36
13,42
12,41
8,40
16,44
11,42
11,38
10,33
14,49
17,38
8,42
9,43
11,54
17,40
5,48
11,49
7,38
10,29
11,41
13,43
9,43
6,42
10,41
12,35
12,40
10,41
13,32
14,40
6,38
10,46
13,52
13,53
11,45
13,42
9,39
11,43
18,48
12,42
14,39
10,51
17,50
14,59
12,42
16,32
15,39
13,53
9,34
13,31
11,35
9,41
8,48
11,34
13,42
13,33
10,51
12,40
14,44
8,36
8,38
13,46
12,39
11,38
14,39
9,36
15,33
10,37
7,38
15,44
12,47
16,47
13,45
10,34
10,46
20,46
13,41
9,52
7,26
15,39
15,58
7,42
12,49
11,55
12,42
8,42
12,25
14,41
15,45
9,46
6,59
14,40
14,42
13,46
12,39
11,43
15,44
11,33
10,36
20,34
18,48
6,43
13,41
13,47
7,54
9,43
12,23
11,55
13,33
8,35
10,35
7,44
16,36
9,36
11,54
8,43
9,44
13,53
9,51
12,36
11,33
5,56
13,44
15,36
18,42
9,39
8,39
12,35
10,44
15,44
13,37
10,47
7,40
8,51
9,47
11,49
12,37
17,35
15,42
14,50
10,31
9,39
13,46
14,41
9,51
15,38
15,31
14,38
12,44
17,47
7,44
14,34
11,47
12,52
11,43
7,41
20,42
14,40
13,55
16,42
15,48
9,45
10,46
15,38
8,35
10,34
9,46
8,51
11,37
13,33
7,40
14,33
15,48
15,47
12,46
11,44
13,42
10,51
11,37
7,41
9,46
8,43
9,39
15,31
9,51
2,41
11,36
9,36
11,39
12,46
10,45
12,36
9,32
15,35
8,26
10,34
8,39
16,50
14,46
11,27
12,31
13,38
7,51
8,55
11,37
10,50
11,50
16,41
16,59
14,37
9,48
9,39
12,46
12,43
13,46
8,57
11,49
13,41
15,50
17,50
9,43
10,47
9,36
10,43
8,39
11,48
14,47
16,47
9,35
14,49
16,46
12,57
9,41
10,44
11,37
9,48
9,38
12,37
10,40
18,31
11,37
11,41
7,42
7,42
11,42
10,46
10,40
6,40
13,48
7,50
12,38
6,35
13,47
10,48
12,43
9,43
10,46
10,32
12,45
7,41
14,41
17,35
11,54
12,39
16,34
10,43
10,50
8,43
11,38
11,43
14,36
9,41
13,38
5,40
12,40
13,55
13,36
13,48
9,49
12,37
13,36
14,45
10,42
9,40
10,45
11,41
12,48
14,26
10,32
18,50
15,40
11,39
11,48
14,36
4,41
14,49
7,38
8,41
13,42
9,43
15,41
13,42
13,40
9,42
15,45
9,50
11,35
11,34
9,38
10,40
9,43
12,50
8,49
12,43
5,41
14,31
15,38
18,43
18,40
12,38
17,55
12,40
18,46
13,38
4,40
12,47
10,49
17,55
14,28
11,37
16,39
14,40
9,39
10,50
12,38
9,43
8,43
7,38
14,43
8,50
7,35
8,50
16,53
10,45
15,36
12,51
12,32
10,45
11,39
14,31
11,43
18,40
12,29
15,39
11,41
12,37
11,38
9,39
8,37
11,51
14,48
12,43
15,47
11,53
8,36
11,37
9,35
9,44
9,40
15,51
8,32
9,35
15,35
13,36
10,43
20,47
16,50
5,38
11,58
11,47
9,40
15,30
11,30
13,31
10,41
10,41
10,44
10,47
12,43
9,33
7,29
11,45
11,57
8,36
7,46
16,37
14,45
7,47
11,36
16,31
12,39
8,42
17,43
12,39
12,49
14,44
14,48
14,38
8,24
12,48
11,42
12,51
10,54
12,36
6,40
7,40
12,33
12,45
14,37
8,31
10,47
13,41
10,51
7,44
11,45
7,34
17,37
9,39
14,34
8,53
18,33
8,44
12,42
10,47
12,46
11,40
7,44
7,28
10,48
13,52
14,54
12,39
7,46
14,31
10,31
7,34
13,42
13,48
7,53
11,41
11,49
11,37
7,42
12,55
8,42
9,39
12,44
12,38
18,42
16,49
14,36
9,45
6,39
9,39
14,41
7,45
13,34
10,34
12,42
12,40
8,47
12,48
11,43
12,45
8,48
14,52
12,53
13,46
9,43
10,28
11,30
12,45
16,34
12,34
7,50
13,45
10,38
11,50
8,37
8,42
13,51
12,37
12,40
9,33
11,46
6,45
8,45
8,38
17,50
12,53
13,34
14,38
14,45
11,47
8,28
6,39
13,34
19,33
6,37
8,49
13,43
11,41
12,44
6,41
14,49
12,37
15,31
12,39
12,39
12,52
10,35
11,41
10,29
17,44
7,38
11,42
9,32
13,36
11,32
15,45
13,36
11,42
7,37
14,47
10,38
10,34
10,36
9,47
13,33
12,49
16,44
8,46
6,34
11,43
10,54
16,47
13,43
10,33
11,49
15,44
11,36
9,49
17,45
8,42
11,34
14,41
14,43
9,60
7,50
13,38
8,38
12,38
18,48
16,46
18,50
13,45
10,40
12,43
7,36
14,30
10,43
12,39
6,43
11,57
11,43
11,37
13,35
9,43
14,35
16,32
9,41
7,44
9,40
12,45
19,41
13,49
9,41
15,36
9,30
8,45
16,43
11,43
10,42
12,48
13,39
14,49
12,35
12,29
12,40
11,34
14,45
16,41
11,48
14,33
11,33
6,39
14,36
8,39
10,37
13,32
11,48
17,45
11,46
13,40
14,28
12,42
18,41
14,43
15,57
16,35
8,48
12,36
11,45
7,42
4,43
11,30
11,52
9,37
20,39
9,41
10,40
10,33
11,40
17,44
11,38
10,39
17,33
10,40
12,46
9,36
11,38
4,36
8,43
5,43
13,39
12,44
16,42
16,45
9,42
10,45
13,32
11,34
10,48
10,44
11,39
11,32
14,33
11,47
13,46
17,45
7,36
16,44
15,44
21,32
12,52
11,37
13,48
11,44
9,42
8,54
13,43
16,46
5,45
12,46
8,33
12,47
14,44
9,33
10,47
10,40
15,44
8,45
14,42
15,38
8,46
13,32
13,39
13,48
5,47
7,45
11,39
10,45
9,40
9,37
10,44
12,38
10,36
19,52
4,44
9,57
11,44
6,49
11,36
8,44
3,45
11,35
9,35
11,41
11,45
15,57
11,42
16,39
10,46
15,44
20,50
11,37
8,31
7,34
11,49
14,43
9,44
8,35
12,47
17,40
13,41
9,37
14,45
9,44
3,39
11,52
7,33
14,49
13,47
11,60
11,51
12,35
11,50
6,48
13,53
8,48
8,35
10,38
11,46
6,46
10,42
11,40
17,42
11,49
12,46
16,35
11,46
11,35
8,48
15,52
11,35
6,47
12,39
12,50
15,34
8,41
10,33
10,48
6,34
14,49
9,45
10,40
12,42
11,40
14,48
10,33
5,51
10,29
16,38
10,40
12,48
12,42
8,43
12,39
16,36
8,43
10,40
11,46
16,34
10,40
11,36
13,33
11,50
6,37
9,32
11,43
11,46
12,38
9,43
10,40
12,41
10,49
11,49
13,44
12,37
12,42
13,33
13,42
11,42
9,39
17,46
16,41
6,44
8,28
12,39
14,33
14,49
13,43
13,41
7,29
18,43
11,45
9,40
8,46
11,39
12,25
10,41
10,40
10,47
10,40
15,43
14,52
11,36
8,36
14,45
9,39
10,34
8,41
15,47
16,54
11,35
7,41
5,40
10,47
13,50
10,40
12,39
16,49
9,47
17,40
13,39
12,48
21,41
12,38
19,42
15,44
14,38
12,28
13,46
11,51
13,50
16,42
11,37
13,35
11,38
7,47
7,42
12,47
10,44
8,38
5,40
6,40
12,44
11,39
10,44
9,40
9,46
11,31
10,38
16,44
14,42
11,36
11,47
12,42
12,44
2,40
9,35
6,41
13,43
16,42
18,46
17,36
12,34
6,34
13,38
11,53
13,39
12,34
9,37
12,31
16,48
7,36
9,49
15,44
15,39
11,38
13,34
10,28
13,52
12,31
12,47
12,42
15,41
15,42
18,36
8,37
8,56
9,40
14,47
14,46
13,40
8,38
5,39
13,38
6,43
15,49
10,44
17,42
13,36
10,39
8,38
12,44
18,52
14,36
13,37
14,39
11,45
10,49
8,41
11,47
10,37
10,41
12,32
11,37
14,37
11,41
17,57
11,40
9,40
15,46
8,53
13,45
13,42
10,42
11,53
9,50
11,41
5,26
11,46
17,40
13,40
13,38
12,44
12,35
13,27
15,38
10,54
10,47
16,43
10,38
14,41
9,35
7,42
18,34
17,41
18,44
14,48
13,39
9,34
14,42
15,43
10,45
12,45
7,38
14,40
14,46
16,38
11,43
12,39
17,46
12,35
13,43
11,35
13,45
11,56
14,43
9,45
14,40
12,48
9,37
13,44
10,45
14,43
10,38
8,38
11,51
11,47
9,37
10,38
9,43
5,43
8,46
9,39
9,44
8,44
10,50
13,32
13,35
7,35
7,30
12,34
9,40
9,31
11,43
9,26
13,38
11,46
9,40
11,44
12,37
11,42
14,39
7,35
8,39
15,41
11,49
7,36
8,42
12,44
14,42
7,32
6,41
14,45
16,41
15,38
9,39
11,34
18,35
11,38
15,36
12,50
13,43
11,42
12,34
16,46
13,35
13,57
9,40
9,45
8,46
10,40
11,39
10,45
10,29
13,40
13,47
8,44
11,39
10,40
15,41
15,38
5,47
8,31
12,49
10,47
8,42
8,43
12,51
10,43
7,44
13,36
12,45
10,46
9,48
14,49
10,35
10,43
6,34
12,50
14,39
8,39
11,31
14,35
16,45
9,49
11,31
14,47
17,29
11,46
12,57
8,24
16,36
10,48
13,26
15,31
11,37
10,36
7,48
14,33
13,43
16,35
6,32
12,32
20,48
13,43
7,43
10,52
8,34
15,46
8,35
9,39
13,37
9,41
14,44
12,38
15,42
21,44
14,51
7,46
9,40
6,32
16,42
15,32
9,37
9,39
9,36
15,46
13,43
11,46
7,48
9,52
13,39
14,44
14,34
9,38
12,36
12,37
10,35
11,38
17,42
14,47
10,56
11,46
7,50
15,40
9,31
10,39
12,43
9,33
11,37
15,41
16,51
10,33
8,44
14,51
11,49
8,44
10,46
11,43
11,43
11,41
11,31
12,40
16,51
9,39
13,40
9,32
11,45
13,48
16,42
13,40
12,40
11,41
11,40
14,34
9,39
7,38
6,40
9,45
12,32
9,33
4,43
14,49
14,41
9,37
14,43
14,30
8,38
10,44
16,46
12,46
8,50
12,27
6,46
14,33
14,34
14,53
15,33
14,42
7,49
7,49
10,45
10,39
12,47
11,51
11,45
14,43
15,37
11,43
14,45
14,31
11,43
5,49
14,42
12,48
13,34
8,48
13,43
8,51
8,38
5,37
16,48
16,39
14,40
15,45
16,40
8,30
6,41
12,47
12,38
10,38
13,39
14,44
12,39
9,50
11,41
7,39
16,53
6,42
12,51
14,32
14,52
12,41
10,50
16,40
14,39
10,40
8,47
12,51
16,39
13,34
9,36
7,38
15,35
12,35
13,44
6,39
12,41
14,59
9,32
13,43
7,41
12,39
7,52
11,23
11,44
11,47
11,32
10,49
14,37
12,36
11,46
12,43
9,52
11,45
8,48
9,28
15,33
17,48
10,44
10,44
6,45
14,32
9,37
15,37
13,50
15,39
15,46
10,42
13,44
15,33
16,45
12,48
14,34
8,34
11,29
12,41
17,50
8,36
9,51
9,30
7,45
15,39
10,36
10,38
6,43
16,40
17,35
11,41
13,56
10,49
15,43
15,32
11,40
11,34
11,36
13,31
12,44
10,40
10,40
12,36
12,36
9,50
15,36
12,40
7,32
13,42
7,30
12,37
9,34
9,42
13,29
12,45
6,41
16,41
8,40
11,32
9,52
15,50
11,43
10,47
10,42
9,49
10,43
10,40
13,52
12,33
8,43
17,42
12,30
12,44
7,34
15,51
8,40
12,34
10,49
13,37
15,45
10,34
12,42
11,49
8,38
16,48
13,33
16,36
7,49
14,44
9,46
10,35
16,41
10,36
15,41
8,42
9,33
9,41
7,39
16,33
15,48
13,45
12,45
9,41
12,46
10,34
14,44
11,44
12,41
7,34
14,38
11,40
17,48
9,42
9,41
9,42
9,38
9,45
7,47
12,33
14,40
11,37
8,44
16,42
13,48
8,41
11,32
23,46
7,31
11,42
11,37
5,43
12,35
10,40
12,45
12,31
18,27
17,42
11,45
14,50
16,43
13,37
5,37
14,35
15,45
12,43
17,40
11,38
11,36
10,32
10,35
12,38
8,42
13,45
12,50
12,37
8,41
9,32
19,39
14,47
10,43
10,51
11,46
5,30
16,33
11,50
12,44
12,40
11,46
14,33
13,41
9,34
13,50
12,47
9,43
10,36
9,40
12,38
11,40
13,41
9,50
15,36
10,41
11,50
9,45
10,47
13,53
10,44
10,41
13,38
15,43
15,34
11,35
8,49
12,42
13,46
14,35
8,42
10,30
11,43
8,37
13,52
13,44
17,43
8,37
9,35
14,39
11,42
11,42
14,45
13,37
10,51
4,63
16,37
12,53
9,42
10,35
6,40
12,40
9,32
13,41
15,49
9,43
19,41
10,32
9,39
13,52
17,41
8,41
7,38
12,39
11,37
16,33
6,36
16,35
14,48
14,42
5,32
9,29
6,30
15,45
11,61
12,29
11,45
14,41
10,41
13,35
11,33
16,47
6,32
13,42
11,55
12,37
13,47
15,36
16,36
7,50
13,38
5,46
14,35
12,44
8,36
15,37
16,37
10,35
14,43
6,49
10,44
9,55
11,35
7,43
15,36
10,34
4,38
9,29
10,35
8,44
14,32
12,40
9,54
5,37
9,41
13,47
10,44
14,38
3,37
7,49
7,44
7,42
12,44
7,42
17,37
11,48
13,44
14,29
12,35
14,34
15,50
16,36
11,44
15,40
14,50
11,34
10,37
12,35
10,42
8,44
8,39
10,49
16,30
16,44
14,36
20,43
8,46
7,50
15,42
11,49
13,43
9,36
10,37
12,41
12,46
14,35
10,47
11,40
15,54
10,54
9,46
12,50
9,47
7,41
14,40
9,34
16,43
12,40
9,50
13,48
11,41
7,44
11,33
7,47
13,50
12,38
10,46
12,31
7,44
11,32
11,50
9,44
11,35
14,50
16,39
11,36
12,39
8,48
11,35
12,31
10,40
13,41
13,36
13,41
17,45
3,37
11,48
11,44
7,39
10,30
20,40
8,33
9,36
12,40
13,37
11,37
11,32
15,52
16,44
10,54
13,33
12,41
12,40
8,34
10,47
5,37
12,53
9,39
11,42
14,44
9,34
11,48
10,39
15,35
11,37
19,41
8,45
13,51
8,36
11,35
15,52
8,42
15,44
11,39
13,50
14,26
14,40
9,40
15,24
13,41
11,49
13,45
13,44
8,43
13,49
10,47
9,29
7,45
11,40
12,34
10,45
11,45
11,46
11,37
11,50
13,35
4,39
14,50
9,45
6,31
13,45
12,40
10,33
11,36
9,34
7,40
13,44
11,50
16,35
6,34
12,37
9,34
16,53
17,39
14,39
14,36
10,36
15,45
10,40
14,34
10,43
11,36
9,45
13,26
12,39
15,39
12,32
9,38
11,35
10,43
8,45
13,40
9,37
9,38
12,42
7,43
12,37
6,43
9,40
15,39
10,47
9,38
11,42
19,43
9,34
6,56
8,39
11,51
17,38
14,44
7,30
15,36
19,34
11,41
13,36
9,50
11,46
11,40
9,37
11,27
15,36
9,38
13,33
12,43
15,35
10,52
18,54
10,40
11,38
13,34
11,42
8,43
12,49
7,43
15,38
5,37
14,39
8,29
11,36
14,47
9,35
15,46
11,30
7,38
8,44
13,37
4,42
12,33
8,35
17,35
11,43
10,43
11,54
10,36
16,35
18,47
14,44
21,34
12,43
9,41
10,47
2,38
13,42
16,38
5,43
4,36
11,46
8,48
11,32
13,45
11,35
10,50
9,43
8,41
11,52
17,42
10,47
9,33
11,38
13,38
10,49
12,36
14,24
13,33
9,44
12,45
11,41
8,40
6,42
13,39
9,40
18,44
12,37
9,44
7,46
6,46
11,35
8,40
7,33
15,30
9,33
17,32
14,43
15,36
18,28
11,30
12,33
9,46
11,44
4,47
11,49
11,43
11,42
14,31
15,36
9,32
10,45
13,47
12,48
8,40
11,43
10,56
16,40
16,44
14,43
10,41
17,37
8,42
12,38
6,46
19,52
9,34
10,48
11,38
11,30
10,47
11,38
7,38
13,35
12,46
9,34
11,52
10,47
13,40
14,39
11,39
13,36
8,38
5,39
10,37
14,40
9,44
4,40
9,41
10,35
11,33
6,45
7,35
7,33
4,47
10,46
7,36
11,47
10,40
9,42
9,45
18,38
16,46
14,40
11,41
13,29
13,49
10,38
9,43
10,39
15,44
9,46
8,39
12,38
11,38
18,40
9,32
9,44
9,36
13,33
15,33
11,48
11,39
10,45
13,46
7,53
13,42
7,50
12,45
13,49
14,41
15,40
12,54
10,35
14,44
14,37
12,42
11,42
10,39
9,37
8,36
10,44
11,36
20,42
16,43
12,41
11,39
14,53
12,39
14,47
22,35
8,38
10,43
11,46
11,30
15,39
13,38
7,33
7,41
11,44
12,37
15,35
6,33
12,41
11,35
6,43
14,49
10,41
15,49
13,43
7,40
7,29
11,49
15,41
15,33
13,34
11,38
18,45
12,42
12,41
14,44
9,48
13,41
10,40
10,35
13,37
11,49
7,36
6,49
14,48
6,47
5,36
17,28
22,56
14,43
12,37
13,39
9,40
13,38
14,42
12,46
14,40
11,41
11,38
11,41
11,32
16,43
2,45
8,43
7,43
10,45
15,38
16,42
15,32
12,45
11,28
13,39
12,28
9,37
12,42
13,46
13,41
13,41
14,40
14,51
7,39
13,40
13,37
14,46
11,36
15,41
9,25
9,42
10,53
10,41
11,34
7,37
13,46
9,47
15,34
12,28
5,44
11,29
12,53
9,43
12,39
11,40
7,44
10,40
9,49
7,45
7,38
18,36
10,36
12,35
9,40
14,35
11,44
19,36
13,50
10,40
14,51
8,43
13,38
17,42
9,32
10,31
18,39
13,36
4,47
15,46
5,45
9,40
7,34
8,39
11,46
10,43
11,54
17,27
10,35
14,56
8,44
12,42
14,43
14,41
11,39
13,44
9,43
9,47
12,39
10,50
13,40
8,44
6,39
11,38
9,33
6,44
15,37
11,40
15,40
9,41
12,50
10,33
12,35
6,44
14,49
9,54
14,43
10,35
14,45
12,32
14,42
11,51
14,36
12,43
9,50
12,34
11,34
13,39
12,31
9,40
19,37
6,39
5,34
11,45
18,43
8,43
10,40
13,60
11,31
13,45
18,45
9,36
6,41
11,43
8,47
8,51
12,31
10,45
9,49
10,42
11,38
13,37
12,48
9,46
15,51
12,37
10,52
8,40
10,30
15,56
8,42
14,33
11,38
6,49
12,43
10,54
12,35
18,41
12,40
13,45
13,41
8,40
6,46
9,48
15,47
14,47
8,29
16,52
13,42
13,38
17,37
9,45
10,45
10,38
9,38
18,39
13,44
15,49
7,37
13,36
12,40
16,39
9,45
12,45
9,38
12,44
10,36
11,37
9,38
2,46
8,45
13,37
10,37
7,36
6,39
13,46
10,41
7,34
10,48
9,47
15,36
15,39
8,50
7,40
12,50
8,46
8,44
11,38
10,41
9,40
9,38
15,32
11,43
16,47
10,39
13,37
18,47
8,33
12,32
13,43
10,37
13,42
10,37
12,39
11,38
16,35
15,43
18,33
12,46
14,36
7,41
3,43
15,50
8,50
16,42
10,47
12,32
17,39
13,26
10,39
7,45
10,36
10,46
14,44
9,33
5,35
9,40
16,46
8,43
10,41
13,36
14,37
14,38
8,38
16,51
13,48
12,45
9,47
12,50
17,33
9,48
6,45
16,44
8,48
13,43
9,45
9,46
14,41
7,35
10,35
8,53
14,45
9,44
9,39
12,42
6,45
9,39
10,38
12,41
17,37
11,36
11,44
17,40
10,40
10,46
14,36
12,40
4,39
14,50
3,34
12,31
14,43
8,35
15,46
11,47
11,45
14,41
17,42
11,40
7,41
11,49
10,44
11,34
9,30
14,42
7,51
14,38
21,36
23,45
14,53
12,38
8,41
10,31
16,34
10,46
16,44
7,34
12,39
13,36
10,38
11,46
13,46
14,45
13,41
11,36
11,42
7,47
8,31
9,46
11,42
12,40
11,28
12,35
11,39
16,37
12,41
9,30
15,41
11,40
7,41
12,48
11,40
9,34
9,40
20,42
11,45
8,39
10,37
19,35
7,44
10,48
11,34
8,36
12,36
7,43
14,43
10,43
11,45
13,38
11,43
9,35
11,39
10,44
11,46
11,47
12,45
9,52
6,38
15,45
17,34
10,35
12,41
8,39
13,40
10,44
8,38
11,43
10,40
14,32
8,35
12,36
9,57
15,48
10,34
12,38
12,50
14,36
9,58
13,42
13,48
15,54
13,41
13,39
12,34
13,40
8,45
10,41
11,38
10,35
14,33
14,48
11,41
14,33
10,37
7,32
15,39
11,45
15,45
10,37
13,41
11,39
10,39
16,44
15,39
10,38
10,40
13,40
12,51
10,55
9,37
8,40
10,44
13,31
12,42
9,44
15,37
6,37
10,44
13,42
13,41
6,46
13,47
13,43
12,39
5,48
17,50
12,29
14,50
14,37
11,50
16,40
12,46
16,47
14,53
14,40
10,43
12,43
8,41
9,43
13,38
17,45
19,38
14,50
11,39
10,49
11,43
12,43
18,45
9,45
11,36
9,42
9,36
14,46
15,52
11,45
14,31
9,37
15,36
13,34
5,49
9,37
9,40
12,37
12,43
17,49
13,39
10,45
8,38
1,53
9,40
16,39
18,39
12,40
12,45
10,37
8,45
7,44
8,61
11,44
6,37
13,53
9,39
10,47
10,51
7,33
10,38
12,45
10,30
11,44
10,39
10,31
13,32
14,47
6,30
11,36
18,33
5,44
4,45
6,44
10,39
12,42
17,48
12,51
12,33
7,46
14,41
7,39
14,37
9,48
11,42
13,51
8,45
10,33
10,32
12,41
7,48
12,38
12,55
9,36
9,46
12,39
13,43
11,39
9,40
11,54
14,36
10,46
9,38
19,38
11,48
7,30
9,31
9,49
16,54
14,34
18,38
11,38
10,44
15,34
7,39
11,44
14,43
14,35
10,37
10,37
10,51
11,44
10,48
19,45
11,39
13,50
10,46
12,34
17,42
6,55
9,42
8,42
16,29
14,50
4,43
9,39
11,31
12,44
10,38
12,51
8,31
10,48
10,41
12,37
13,44
8,32
10,39
7,44
11,44
10,42
14,40
11,42
11,40
7,43
9,40
8,39
14,42
11,40
10,47
15,45
11,48
9,47
11,34
11,34
10,38
9,36
6,43
12,43
9,46
14,41
9,44
10,37
11,47
11,32
11,51
9,48
11,43
13,35
17,42
12,39
13,48
9,39
11,37
11,35
16,36
10,42
11,41
13,49
11,41
12,40
13,35
8,41
4,49
10,36
14,46
12,40
3,48
8,35
9,39
12,42
10,39
9,35
20,48
8,45
12,38
6,44
14,41
6,37
10,37
9,36
11,31
15,42
14,41
10,34
7,40
10,38
7,50
15,38
10,34
5,41
12,36
14,47
14,41
8,38
10,39
11,49
11,43
12,38
9,46
11,37
8,45
16,36
10,40
11,41
7,41
10,36
8,48
11,35
6,40
18,41
7,41
11,33
7,43
7,44
15,41
13,47
13,44
14,47
12,44
7,44
15,40
13,43
14,34
8,47
11,44
15,29
11,43
9,28
9,38
13,36
10,39
17,37
13,45
17,40
13,54
11,39
8,41
11,41
8,54
11,35
10,35
8,48
14,41
15,42
13,30
9,34
9,34
14,43
10,47
9,45
16,48
13,47
13,42
11,43
14,39
12,31
6,36
8,41
15,39
8,41
12,38
9,37
10,52
5,34
7,43
11,41
12,35
15,51
10,46
13,36
14,47
16,49
18,42
7,37
12,40
12,42
8,51
10,44
12,36
18,34
9,39
10,39
10,29
13,37
11,38
12,35
12,48
13,46
9,55
13,38
13,31
7,29
11,48
13,44
10,49
16,42
12,56
11,38
10,35
14,47
11,33
11,39
10,41
9,37
10,41
8,37
16,39
11,34
10,46
13,41
13,36
17,40
15,36
8,40
9,33
16,29
13,35
11,45
13,40
9,44
6,39
11,38
12,52
5,45
9,47
8,38
12,42
7,56
11,39
12,37
14,37
12,43
14,33
17,41
11,29
11,46
9,45
11,32
18,45
9,38
7,42
9,54
10,39
10,37
16,48
12,51
14,36
14,37
10,45
13,51
19,44
9,46
10,48
15,38
6,38
11,45
11,33
11,41
9,36
12,44
16,40
9,39
14,36
10,33
8,44
11,41
9,41
3,46
10,30
9,37
17,41
13,39
9,35
12,48
16,50
17,48
11,44
7,37
12,54
16,43
15,38
6,54
12,44
15,49
7,33
16,45
12,37
10,42
11,37
11,56
12,39
12,44
12,31
11,40
9,49
15,33
10,44
16,54
8,37
10,47
11,35
7,46
12,42
7,38
8,42
11,43
9,49
9,45
9,40
12,42
11,39
13,46
9,48
6,47
19,39
9,42
9,45
6,33
11,41
9,43
7,42
7,36
6,35
10,45
14,46
12,52
11,36
17,36
19,34
8,47
12,40
7,31
13,40
10,31
16,44
18,40
14,33
10,38
16,31
12,40
15,40
16,46
10,37
10,23
14,38
13,34
6,45
13,37
9,35
12,33
11,44
13,43
16,50
10,43
7,40
17,37
10,51
14,41
11,22
10,40
14,48
18,43
9,46
15,43
5,44
19,44
11,40
14,45
15,40
9,39
18,43
10,49
8,45
14,48
10,40
9,46
10,38
15,43
12,47
21,36
12,34
13,43
11,53
6,44
15,35
15,50
15,41
13,48
10,37
8,43
13,32
9,44
14,42
18,39
8,46
17,43
7,45
4,32
5,43
13,45
13,43
9,34
16,43
12,38
16,33
18,41
10,32
14,43
8,38
11,50
10,41
8,44
9,36
12,55
9,43
13,46
6,44
10,42
12,35
8,42
10,48
10,45
7,40
12,36
10,35
12,52
11,35
8,38
13,49
10,39
10,38
8,33
13,50
13,34
5,42
13,43
5,43
12,33
9,46
10,46
14,38
13,49
15,45
13,36
14,40
7,38
11,34
16,36
12,42
8,41
4,34
11,33
17,47
12,50
11,43
6,45
6,43
7,54
8,38
12,40
15,45
16,41
12,44
11,37
12,54
12,28
8,35
11,36
6,41
12,43
8,47
10,41
10,38
9,42
7,38
11,37
7,35
5,39
9,45
13,40
7,32
14,47
15,40
14,28
10,33
9,38
13,42
14,27
11,33
8,39
16,33
11,40
10,49
12,38
16,42
12,49
11,50
12,38
12,46
9,39
7,39
6,36
15,34
8,41
13,32
11,43
12,42
14,51
8,60
8,39
14,39
11,49
10,44
9,35
18,34
12,29
10,49
13,46
11,44
11,46
13,38
6,47
19,40
11,37
16,50
14,46
20,39
10,36
14,48
10,51
18,36
7,46
10,29
15,49
15,45
10,51
10,35
13,38
15,37
7,43
12,44
12,43
13,47
12,45
13,46
12,38
8,45
5,51
11,49
7,37
10,31
13,44
9,48
9,44
12,35
16,33
10,45
7,50
11,38
11,44
15,46
18,47
12,30
16,45
7,43
9,36
8,41
14,45
6,56
15,41
9,29
11,51
10,56
9,41
11,47
11,42
15,41
12,34
5,45
16,41
17,33
15,37
9,36
16,47
11,35
10,62
12,38
10,42
12,58
9,43
4,51
12,49
12,45
10,40
12,39
14,48
11,39
12,44
12,28
12,34
7,47
9,39
9,28
7,38
9,37
11,53
8,48
11,33
14,49
13,43
10,35
10,43
11,42
13,39
9,47
10,46
10,28
13,48
8,44
8,49
16,41
11,34
8,39
7,40
8,35
9,50
13,45
7,33
8,40
19,42
11,49
13,37
7,50
15,40
10,39
14,43
11,46
9,38
12,31
16,36
10,49
5,43
13,47
10,35
9,42
16,47
22,37
12,45
12,37
9,41
11,39
8,43
7,33
14,38
15,35
11,41
11,32
8,36
18,42
12,48
12,41
13,41
11,40
12,42
11,45
13,37
9,38
12,41
9,31
8,45
15,42
15,42
8,49
11,37
9,38
10,45
20,37
7,40
13,34
9,27
9,43
10,39
8,42
6,41
19,41
14,38
7,53
10,37
6,40
14,41
10,42
7,40
14,38
16,32
10,39
13,38
8,43
14,38
11,28
10,40
11,41
10,30
12,42
12,40
7,31
12,46
9,29
12,37
16,43
17,39
14,45
12,43
9,46
9,50
13,31
7,47
9,39
7,43
10,34
7,31
9,44
11,40
7,40
11,37
10,40
11,41
13,40
13,36
10,27
10,33
15,53
9,56
19,30
11,39
17,56
12,48
14,45
10,44
15,47
8,58
14,42
10,35
10,45
9,39
6,42
17,39
6,36
11,37
8,36
9,33
11,54
12,46
10,37
17,29
8,50
13,43
13,42
11,46
13,37
11,32
11,41
14,41
10,48
15,27
4,40
17,33
12,43
15,39
9,42
11,33
16,51
11,36
11,45
8,45
15,45
12,41
8,35
8,39
13,50
11,53
11,39
10,37
13,38
10,47
11,40
9,46
11,38
12,44
11,38
17,31
7,47
11,56
13,41
9,37
8,48
5,42
6,47
11,38
10,47
14,38
9,42
12,41
9,24
16,48
14,40
14,46
10,44
12,38
18,41
8,41
10,44
9,48
11,39
10,48
10,38
11,48
8,31
10,25
9,45
11,47
22,39
5,36
13,43
11,50
15,43
12,38
10,47
10,41
16,31
13,42
8,43
12,37
12,50
11,49
12,35
13,28
13,33
15,45
17,33
9,46
9,48
8,53
11,44
14,45
7,44
13,35
8,40
17,41
12,44
9,40
9,35
10,40
11,37
8,53
10,37
16,41
10,40
13,34
14,38
8,32
11,42
5,41
7,32
13,30
13,42
10,39
14,38
14,46
10,33
14,45
6,45
11,46
10,50
7,38
15,37
4,44
7,35
9,46
13,53
12,51
18,36
11,48
13,49
8,38
13,33
12,38
8,41
18,39
10,31
10,51
8,33
10,41
12,45
9,48
11,46
14,46
13,43
12,49
18,44
17,42
10,35
7,44
16,33
11,32
8,41
15,34
18,30
6,48
17,46
17,38
13,44
14,46
10,48
13,30
6,39
10,38
19,41
11,37
13,42
13,40
12,38
16,44
12,37
10,39
11,37
11,43
7,42
15,44
16,35
11,44
13,33
11,47
12,36
16,37
13,42
11,44
13,44
11,41
13,41
10,45
10,37
6,49
9,44
9,42
8,34
13,48
10,44
10,41
6,44
6,49
14,40
6,56
14,42
16,42
11,43
16,37
14,40
14,43
9,50
7,42
10,37
11,32
12,33
14,45
13,39
11,39
22,43
14,42
12,31
13,37
10,38
13,53
5,47
12,42
15,38
12,35
12,42
12,41
13,30
10,39
9,48
19,31
14,45
8,47
14,43
9,44
6,33
10,42
14,41
13,42
16,49
11,39
12,52
15,39
16,46
12,32
11,49
9,44
7,39
14,40
10,44
16,39
10,45
8,55
11,28
9,41
12,43
14,42
9,39
12,37
13,48
11,46
8,36
11,32
9,30
9,48
8,41
11,34
8,38
11,36
16,37
7,32
10,58
11,50
13,37
15,30
15,43
13,47
12,40
10,38
8,40
14,35
9,41
16,42
10,33
13,37
8,39
8,42
12,43
8,29
12,43
11,40
9,35
10,37
10,41
14,45
11,41
8,36
10,40
11,36
12,38
19,37
11,45
13,36
12,31
7,38
12,45
6,40
10,38
12,45
13,41
11,32
10,38
13,51
9,32
12,53
16,47
9,40
15,29
9,38
12,54
13,42
15,41
10,28
15,24
9,42
12,49
14,34
9,50
17,43
18,37
10,42
16,44
10,41
8,42
10,44
11,47
11,39
12,47
12,37
8,35
10,49
12,38
11,38
16,50
13,31
14,40
11,34
22,34
13,38
18,46
13,38
6,46
11,39
14,41
14,41
13,44
9,37
7,34
12,34
13,45
7,46
11,38
10,42
16,42
8,35
10,43
7,53
10,38
8,41
14,30
14,36
11,46
14,54
13,44
14,36
10,47
14,37
11,39
14,36
1,35
13,43
6,46
10,34
13,37
13,45
12,44
13,39
10,45
12,38
4,33
12,42
13,34
10,45
9,44
11,42
9,40
15,38
12,34
10,39
16,41
14,41
7,53
8,44
7,50
10,47
10,47
9,39
9,36
7,28
16,38
14,45
12,35
16,56
13,45
10,24
7,40
14,32
16,43
10,41
14,37
11,57
12,45
7,30
11,40
9,37
10,45
18,42
16,40
14,43
11,36
12,34
20,40
12,26
7,47
13,39
11,44
11,26
7,38
11,43
11,37
16,42
3,35
10,34
13,38
14,49
4,36
14,39
13,50
18,40
12,33
14,39
18,40
14,44
13,39
8,57
16,49
9,47
5,40
12,37
9,41
11,45
8,49
9,50
12,37
9,39
11,46
12,31
14,43
17,43
11,34
14,45
7,45
20,40
8,39
10,42
4,44
17,34
13,46
10,35
8,46
16,33
16,41
8,56
8,36
16,44
16,44
14,38
15,39
7,42
18,36
12,36
12,43
13,44
8,27
12,44
14,44
21,46
13,54
9,44
7,34
8,40
14,40
20,28
13,36
8,37
11,47
8,41
12,37
17,46
16,46
11,48
13,42
13,42
7,36
18,48
12,46
14,37
9,37
8,43
10,45
14,27
5,37
8,46
10,47
10,40
14,48
11,42
10,39
9,27
11,52
7,52
11,50
10,46
11,44
13,43
3,38
15,46
11,48
12,24
13,41
17,32
13,42
9,45
8,40
11,40
8,58
11,45
15,40
13,36
16,37
9,40
13,40
15,43
11,36
7,41
18,32
10,38
12,48
16,43
8,47
17,43
15,45
15,36
10,35
11,49
13,41
8,29
9,37
12,43
12,46
12,47
11,52
15,49
13,35
17,42
12,44
8,33
13,37
12,40
16,39
14,41
8,37
16,54
10,49
13,38
14,45
7,38
8,47
9,39
8,42
11,43
15,35
14,35
7,46
11,41
12,43
15,42
9,42
11,57
15,39
13,45
9,45
8,48
12,33
13,62
13,34
16,40
8,35
9,46
10,33
8,46
7,44
13,45
14,39
13,46
9,44
11,37
12,33
14,39
16,43
12,33
11,27
7,36
18,47
5,36
12,35
11,48
8,41
11,41
6,41
10,38
8,49
9,33
9,47
12,39
14,39
13,36
20,38
7,43
10,29
10,54
10,37
3,47
16,54
11,53
8,49
14,45
11,38
9,28
12,42
11,43
12,40
9,40
9,37
14,39
8,46
11,36
10,45
17,44
13,52
6,40
11,33
13,48
12,49
14,48
6,42
7,36
16,35
7,33
20,51
10,48
7,42
12,30
9,42
12,40
10,33
11,36
5,46
11,42
6,37
14,36
14,43
11,45
9,50
14,44
13,37
11,43
17,53
12,34
10,48
9,37
13,45
13,40
15,39
9,37
9,44
12,42
8,47
12,41
12,41
12,53
15,35
11,46
7,51
13,42
16,32
13,32
10,38
11,44
8,31
10,41
9,39
14,37
12,48
12,44
11,38
10,47
20,37
12,40
10,37
12,41
13,45
17,50
12,43
13,51
12,42
17,30
10,52
12,48
16,45
12,52
10,46
13,47
5,38
12,50
10,52
9,48
9,35
10,41
12,32
14,33
14,46
12,37
12,39
14,33
12,36
12,47
5,41
8,49
16,46
11,41
8,47
12,33
8,53
16,41
20,41
13,53
9,54
11,42
12,46
16,51
13,50
17,37
10,45
9,44
11,39
8,40
13,44
14,47
8,45
13,37
12,41
11,45
11,39
14,41
9,37
9,38
7,34
12,40
9,39
15,41
11,39
8,34
8,32
10,38
14,43
9,38
13,22
12,46
4,38
13,45
13,32
8,45
14,39
10,37
7,32
11,26
12,48
8,34
9,51
10,42
16,35
16,34
15,42
6,51
3,46
13,42
9,48
10,39
12,40
14,42
4,46
8,40
9,43
12,35
12,35
11,47
17,42
14,39
10,33
12,41
5,44
15,39
13,36
11,44
12,43
11,37
6,38
8,45
11,25
9,31
10,41
16,37
12,34
14,36
12,43
9,51
11,42
18,33
11,37
10,37
12,45
9,36
6,51
9,42
10,34
10,45
16,37
9,42
8,36
13,39
10,40
13,55
17,38
9,42
13,34
10,38
11,39
4,40
15,49
14,47
11,29
15,29
14,42
11,48
16,44
10,36
9,48
12,37
14,41
12,37
13,41
12,43
10,35
12,41
17,37
7,51
10,38
10,39
11,37
13,28
11,27
11,30
13,47
8,39
14,34
12,45
5,48
11,53
13,40
5,35
13,39
5,35
10,39
10,39
14,42
14,51
11,29
12,49
11,38
13,43
13,42
12,37
11,35
16,39
11,36
10,44
15,42
9,42
13,38
10,46
10,35
14,42
6,39
16,46
14,51
9,34
17,41
17,36
10,44
11,36
10,32
8,35
12,32
6,42
12,34
9,42
9,40
8,33
10,47
12,48
17,37
7,47
14,35
10,37
15,44
16,35
9,26
7,31
8,42
7,46
10,44
16,55
15,33
13,41
15,41
14,31
11,28
9,53
11,48
11,45
10,38
13,57
11,39
11,39
15,44
10,52
11,36
13,43
5,34
14,37
11,42
8,40
3,45
10,48
10,32
11,35
13,50
15,39
11,38
14,35
13,45
11,41
10,34
11,41
9,47
11,50
8,46
12,36
14,36
10,44
14,52
12,38
8,40
7,36
14,44
15,45
14,42
19,42
6,46
11,39
12,45
15,36
17,43
11,33
11,42
11,41
16,46
10,35
12,43
12,46
11,43
18,37
21,35
11,46
11,48
9,29
11,36
14,45
13,39
13,43
10,37
11,49
13,35
10,37
15,30
10,33
15,41
12,37
12,43
11,44
11,43
5,48
15,35
9,40
14,42
10,45
13,42
10,36
15,39
6,44
6,47
10,35
12,39
12,29
7,52
10,48
12,29
16,44
16,34
11,49
9,43
10,29
10,30
9,35
10,46
8,59
11,39
10,48
5,39
6,42
15,40
13,46
16,47
10,36
14,48
7,43
15,33
18,37
12,42
8,38
12,32
7,48
10,41
6,38
14,39
11,39
10,51
17,40
14,43
9,40
13,46
14,28
10,44
13,33
4,37
10,39
16,31
17,31
13,45
13,39
18,58
14,31
8,40
10,36
13,38
11,48
13,34
19,39
6,50
7,37
7,38
12,37
5,47
6,42
12,41
13,41
19,49
10,34
10,45
9,43
12,34
6,38
12,54
14,46
9,40
14,40
6,53
13,54
13,31
17,30
10,40
15,41
10,43
12,40
12,30
11,47
9,35
15,37
9,44
13,49
10,50
10,42
15,50
15,49
10,41
11,36
14,46
14,36
8,35
7,39
10,43
14,40
12,39
11,44
10,45
17,51
10,50
13,29
13,37
14,44
8,48
20,34
6,31
8,40
9,43
13,28
13,46
10,54
6,46
11,32
9,37
12,30
10,49
14,33
12,35
9,44
14,40
11,53
16,41
10,34
9,44
9,38
12,29
14,30
9,41
6,45
10,49
10,46
8,43
16,40
13,41
12,51
13,51
11,47
13,44
8,39
11,39
17,45
8,40
13,46
9,42
9,36
8,47
9,42
5,28
13,47
9,36
16,38
18,50
13,43
14,35
7,44
10,44
10,39
8,41
14,43
12,45
12,38
8,45
7,40
5,50
11,43
11,30
8,37
11,42
8,45
14,41
12,43
14,47
9,37
13,36
10,34
11,38
11,53
5,42
13,53
11,49
8,38
9,45
12,37
11,37
12,39
16,44
18,52
12,40
12,32
17,55
9,44
14,38
6,39
12,37
9,41
12,36
13,37
15,39
15,38
7,48
15,45
20,36
14,38
8,36
9,42
15,38
8,37
12,43
13,55
8,45
9,35
14,52
9,37
11,35
11,41
7,36
14,43
10,49
13,45
14,34
12,52
9,38
19,35
17,38
18,40
6,39
11,33
10,39
17,30
14,39
13,36
11,36
15,42
16,42
12,47
11,37
12,39
11,41
10,35
10,44
8,38
8,40
9,35
10,41
18,39
5,39
12,42
14,43
15,39
14,50
8,46
8,33
9,27
13,46
12,41
14,41
13,41
12,39
9,36
15,38
17,38
14,35
11,39
19,55
12,33
8,40
9,42
11,44
9,44
9,50
11,42
8,37
8,36
6,34
11,41
12,45
8,42
8,38
9,45
7,41
14,37
6,33
9,38
8,42
7,41
12,53
8,52
11,43
6,39
11,46
13,40
16,47
10,39
10,37
15,47
15,37
10,32
11,39
12,34
11,45
18,50
10,44
8,37
13,35
11,33
11,34
14,38
9,48
8,39
16,54
5,45
14,41
9,32
13,48
8,43
11,37
10,47
10,32
12,41
6,45
17,47
10,38
16,59
12,42
9,49
13,32
9,49
8,33
7,41
13,37
10,38
12,36
11,38
6,44
11,43
11,38
13,49
11,50
9,42
12,38
11,42
12,38
5,46
14,41
14,32
12,39
13,42
10,48
17,44
11,41
12,38
4,45
15,41
17,43
10,54
11,34
10,32
13,38
12,40
9,40
9,54
16,46
6,48
12,39
11,38
14,34
12,35
9,42
10,34
8,32
16,35
12,33
10,44
9,47
9,46
6,42
8,48
14,45
16,48
13,27
11,42
12,44
7,33
10,41
5,35
7,40
10,48
12,52
13,38
8,39
17,48
14,37
11,36
13,39
9,49
6,43
7,38
13,37
11,47
12,34
9,38
14,38
11,42
9,35
11,39
13,44
12,39
19,47
13,39
9,38
12,51
9,39
12,47
12,54
12,51
10,39
6,34
9,27
18,36
13,55
12,27
9,38
11,36
9,37
15,34
18,39
10,47
8,39
16,51
16,46
11,38
10,35
9,38
15,39
10,40
15,44
9,29
12,41
14,48
16,48
9,40
11,48
12,43
8,38
12,40
6,46
9,39
12,37
15,36
14,30
5,37
16,49
12,33
19,45
11,48
8,52
15,36
13,36
10,36
11,41
8,39
16,34
9,35
8,47
11,45
9,39
7,42
10,60
11,36
11,41
10,38
8,33
17,39
12,46
15,38
12,52
10,36
9,38
8,41
15,46
10,44
9,40
7,37
18,33
9,39
12,32
6,43
13,41
15,39
12,34
8,44
11,35
10,33
11,54
14,39
12,43
11,38
10,43
10,31
8,46
11,45
12,36
14,34
19,41
7,52
15,33
20,55
12,45
10,39
6,42
9,46
13,47
20,37
16,38
19,45
12,29
10,47
14,57
8,43
14,38
15,37
19,33
14,33
17,44
11,44
11,41
13,37
10,37
12,54
10,36
14,37
12,42
7,44
10,38
12,38
15,53
6,39
14,42
12,50
14,39
12,23
11,45
13,59
12,41
8,44
12,36
14,41
13,36
11,46
13,42
11,41
12,36
8,40
10,45
15,49
12,58
14,39
14,48
6,30
7,51
7,39
18,52
12,41
9,43
12,40
8,50
9,47
9,40
11,30
15,45
18,47
13,50
9,37
7,42
8,50
9,40
9,48
15,52
10,41
8,48
9,42
10,38
8,35
15,30
13,36
16,38
12,43
18,37
12,37
16,35
13,40
7,40
9,32
14,50
11,42
12,37
17,33
16,41
12,42
8,38
12,47
11,58
6,30
10,46
13,49
9,38
9,43
13,46
8,33
12,44
9,46
14,32
8,42
16,51
6,45
12,40
10,39
13,31
8,40
6,45
7,38
7,36
9,42
11,43
12,45
12,46
19,23
8,37
13,41
6,36
6,38
5,42
9,41
11,38
12,36
14,40
9,34
7,43
15,44
10,33
10,42
15,40
14,41
20,39
8,40
8,43
13,35
22,41
11,38
20,36
19,47
6,50
15,39
15,34
6,43
6,35
14,37
9,43
14,47
9,42
12,39
9,47
15,47
13,38
13,46
8,37
10,48
8,33
8,41
12,41
8,38
10,48
13,43
8,34
11,35
7,43
12,45
11,33
14,44
8,49
11,29
16,42
10,46
13,30
9,50
9,43
12,33
7,37
6,48
9,40
10,31
8,32
8,42
10,46
9,41
14,56
10,38
11,33
13,27
8,40
11,42
6,43
14,40
12,48
13,35
10,36
12,42
8,41
12,33
14,38
14,42
14,45
9,36
9,45
8,49
7,46
8,37
9,45
13,51
7,27
11,50
11,37
14,35
7,39
13,37
11,52
14,38
13,32
14,41
7,44
8,43
16,44
16,45
8,48
16,40
11,37
11,31
12,40
9,35
15,38
9,39
14,38
6,42
11,39
8,50
12,34
12,50
18,54
17,37
12,30
12,36
10,44
16,36
13,28
11,42
10,40
11,42
13,51
6,40
9,53
5,40
10,34
9,36
16,43
11,44
16,36
16,44
8,49
10,34
15,32
9,42
23,44
11,47
9,49
7,33
8,35
12,38
14,32
7,40
12,37
17,45
5,32
11,44
17,54
10,43
12,36
9,46
11,39
16,49
16,46
6,54
7,50
6,37
10,41
11,51
9,38
8,30
13,36
17,40
14,38
7,49
7,59
12,41
11,43
14,41
8,30
12,51
12,45
10,38
10,39
10,40
10,34
4,39
7,29
10,40
15,49
7,49
14,44
12,48
11,43
9,36
17,54
17,39
10,38
11,50
13,42
13,27
10,38
10,44
12,32
12,41
15,46
17,37
12,37
12,38
10,39
7,41
7,36
17,44
11,45
14,43
16,47
7,47
15,35
6,66
11,47
11,46
7,34
11,38
11,42
13,30
8,34
10,41
8,35
14,42
13,36
17,48
11,39
14,53
11,38
7,33
10,28
16,42
16,38
15,38
19,45
11,36
11,42
16,42
11,37
8,44
13,39
15,40
8,40
10,37
14,42
7,34
11,45
13,33
12,43
9,46
11,38
13,42
14,68
17,45
9,39
7,44
8,49
12,37
9,33
18,41
12,50
8,43
8,38
14,41
11,39
9,51
11,45
21,39
8,29
8,48
12,55
6,38
9,39
12,46
14,36
16,39
12,43
10,44
11,41
9,43
10,44
11,32
9,49
14,36
8,41
10,55
17,42
6,39
10,34
8,44
9,30
6,58
14,40
10,38
15,32
7,45
12,49
12,44
10,46
8,55
6,42
8,40
8,34
12,34
9,36
5,38
5,39
7,40
15,38
10,34
4,41
7,36
13,38
12,50
11,44
5,41
6,34
11,27
10,40
13,48
10,43
15,45
10,31
8,37
9,24
12,46
10,35
12,41
11,45
11,50
11,38
7,48
9,42
12,44
13,36
12,41
2,35
14,39
12,43
17,47
11,51
12,43
10,50
11,44
16,37
6,44
10,31
11,31
17,34
8,34
10,33
13,42
11,35
13,47
13,44
10,33
4,48
8,49
10,42
10,32
10,35
10,40
16,40
10,32
13,31
9,38
3,36
7,41
16,36
9,45
10,46
5,38
7,40
20,42
12,37
10,46
6,35
9,40
4,48
10,34
15,39
12,46
19,41
10,50
11,51
15,33
8,42
13,37
9,40
11,45
17,31
12,45
6,49
11,42
10,48
9,40
10,43
11,45
9,44
9,32
13,44
13,43
17,38
13,55
17,44
4,46
16,48
11,46
13,40
10,44
7,43
10,41
12,38
14,36
7,43
11,41
8,51
12,37
12,44
14,46
9,48
7,42
6,40
11,45
8,42
10,40
15,47
4,39
10,37
11,36
16,46
10,43
10,27
15,38
8,37
8,42
12,45
13,42
12,48
11,40
9,42
13,48
14,48
7,36
9,44
8,36
11,36
7,32
11,37
8,31
14,38
17,36
13,36
6,39
12,46
13,43
11,35
13,43
6,36
7,37
11,38
20,40
12,34
6,51
8,43
11,42
12,42
16,48
15,41
12,29
15,32
7,51
12,43
10,49
14,42
15,31
8,44
10,29
7,38
13,35
12,41
13,37
19,37
14,47
9,37
15,35
15,40
12,37
12,34
14,27
8,44
13,33
12,34
8,38
10,37
18,42
13,40
11,31
10,33
14,44
7,47
13,32
13,48
11,50
11,41
10,48
14,45
12,36
9,42
11,38
10,45
14,41
11,34
11,41
13,38
11,35
16,31
10,45
3,43
12,48
10,34
12,39
9,35
13,37
9,50
12,50
13,36
15,34
7,34
8,40
10,42
10,43
6,35
7,44
8,41
10,37
12,44
14,46
13,37
7,50
16,42
12,35
13,38
10,54
8,38
13,33
8,54
10,47
10,43
13,33
17,26
8,44
12,46
9,31
14,44
14,32
14,47
8,37
12,42
10,30
10,36
13,44
6,39
14,47
10,39
15,35
6,39
10,39
10,50
13,43
6,54
14,41
14,45
9,40
8,52
8,47
7,25
13,43
18,48
12,29
13,43
9,34
14,40
9,43
10,36
16,50
14,47
12,33
10,40
10,48
9,43
15,39
12,45
8,35
8,41
8,46
17,42
10,43
15,39
6,35
8,42
12,34
17,33
6,45
10,52
10,35
11,46
11,31
11,34
12,39
13,39
12,39
12,38
10,47
12,43
17,48
8,38
7,38
14,37
10,45
11,47
9,42
7,43
13,41
17,42
9,41
4,51
12,36
7,41
10,42
9,31
9,32
9,43
19,27
8,45
10,29
10,51
7,37
10,36
5,42
7,43
17,42
15,40
8,46
8,50
13,40
13,30
7,42
9,35
12,40
11,38
13,43
7,41
11,37
7,50
17,44
10,31
13,49
17,44
9,33
6,51
7,55
15,36
11,41
8,32
13,48
12,51
16,31
10,42
9,34
14,45
10,46
14,48
12,42
20,53
14,41
9,40
13,53
13,51
12,40
9,34
15,37
10,39
13,41
11,44
13,45
19,34
8,45
17,49
7,37
16,39
11,46
12,40
14,38
19,40
8,53
8,38
12,44
12,45
14,30
15,46
11,43
13,48
13,39
12,50
19,49
11,46
16,34
17,42
18,50
12,35
13,49
7,43
14,37
18,51
15,36
9,35
9,42
12,34
9,43
11,43
11,41
11,52
11,35
9,43
6,48
7,37
12,45
16,43
14,34
13,35
14,40
12,49
15,48
9,42
13,30
12,38
15,44
15,37
12,34
13,44
12,35
12,38
4,54
16,43
13,43
9,38
12,38
11,46
16,43
13,47
14,38
16,53
9,46
11,44
16,44
12,50
10,35
6,40
6,42
14,35
17,42
13,58
7,38
16,44
12,45
11,60
10,50
11,40
14,41
11,39
15,50
11,51
10,39
10,40
7,40
9,48
16,35
10,42
14,29
7,39
10,47
7,46
14,40
13,39
11,37
10,48
13,41
10,36
8,41
11,42
10,40
9,32
12,39
13,38
8,51
13,39
14,39
11,46
8,38
16,48
14,48
15,42
20,34
19,46
10,29
7,40
13,35
9,38
12,42
9,37
12,43
13,44
14,42
11,50
9,38
11,45
13,31
10,49
19,43
10,46
12,45
14,32
7,32
11,43
8,34
8,42
7,53
6,34
16,45
10,47
7,44
16,43
7,35
13,42
11,40
15,43
13,36
16,35
12,55
7,40
9,33
17,34
17,45
15,31
16,52
11,47
17,43
10,46
12,40
10,41
11,33
12,43
15,48
7,27
12,52
15,48
12,38
9,47
4,58
8,46
8,51
12,47
12,49
10,41
12,34
7,41
11,42
7,58
12,44
14,48
9,50
10,39
16,35
8,42
11,34
13,47
11,32
10,52
13,46
10,44
8,36
15,43
18,41
11,46
14,41
11,46
10,33
14,59
7,35
15,45
11,38
12,44
6,45
9,27
13,37
14,44
15,48
7,37
13,31
19,40
10,52
11,34
9,48
6,34
13,37
16,47
7,38
10,38
7,33
4,47
12,48
5,41
13,33
12,41
7,41
9,42
9,38
10,52
8,37
3,39
8,31
12,51
15,49
12,35
3,31
8,45
10,51
11,47
9,40
12,48
9,36
9,29
16,35
11,45
9,41
9,36
16,34
6,34
13,44
11,43
16,42
5,44
10,38
6,29
13,38
14,43
8,41
12,45
15,31
7,41
11,45
9,41
16,40
7,42
10,37
8,43
12,37
6,36
4,36
10,48
12,50
12,43
10,40
9,40
11,35
16,54
14,37
11,40
13,37
12,40
14,43
8,58
11,41
6,40
10,43
6,33
11,41
7,39
10,28
12,37
8,46
15,50
12,45
7,29
8,39
7,38
11,34
10,52
4,35
10,41
13,44
12,45
10,35
13,43
10,44
16,41
15,36
10,37
14,35
19,34
9,44
8,47
14,34
8,43
11,36
16,39
8,33
7,33
10,37
16,36
11,47
7,46
11,34
10,38
14,36
11,39
7,43
7,38
11,46
14,41
14,46
14,38
7,40
10,44
15,40
7,43
10,36
9,39
9,39
16,32
11,35
7,45
9,38
11,45
9,48
12,52
6,34
10,47
13,39
4,60
8,41
8,43
10,29
14,41
13,45
13,47
15,46
11,44
10,45
6,37
14,33
11,36
8,39
9,36
9,40
9,41
13,38
9,39
7,38
11,49
11,44
12,39
14,44
15,40
12,42
20,54
7,39
13,43
11,38
11,39
7,41
12,42
10,45
16,45
10,47
7,42
12,39
14,41
10,39
8,48
8,31
11,48
13,44
11,39
10,45
21,43
13,25
5,45
13,37
12,42
5,40
11,50
14,32
14,38
15,41
9,42
11,45
11,48
13,39
10,40
9,34
15,46
14,41
17,46
13,46
13,37
10,34
10,49
13,42
13,41
12,54
13,44
12,41
11,37
13,38
17,38
12,52
11,55
10,44
11,43
13,47
13,43
14,38
13,46
9,42
7,39
11,48
10,40
14,37
7,45
6,41
10,43
11,49
15,37
16,50
14,42
14,49
10,33
12,44
12,46
14,48
19,49
15,42
15,38
12,35
13,43
9,38
7,42
14,50
10,37
11,40
10,45
11,34
13,43
11,44
11,43
8,49
14,51
11,44
12,45
20,49
15,46
11,35
12,44
10,47
9,48
10,43
7,46
9,32
15,30
14,42
13,46
11,48
8,48
12,29
9,47
12,41
11,45
12,34
10,46
12,54
15,57
13,37
6,39
8,41
10,46
12,44
7,39
6,41
12,49
13,48
12,40
13,48
13,45
12,51
9,31
10,45
9,41
16,42
11,47
9,36
11,40
13,48
19,41
7,43
16,34
7,53
10,41
8,44
9,58
13,37
15,50
10,45
9,30
13,41
10,45
8,48
9,45
10,33
11,36
16,43
12,38
11,31
11,40
16,44
16,42
16,50
20,35
8,41
14,31
16,43
12,43
18,42
11,26
13,36
13,33
11,46
11,38
9,45
7,36
6,43
4,45
13,34
12,35
9,39
9,51
13,38
13,40
11,43
17,38
9,41
16,41
6,46
11,28
12,32
6,30
8,39
11,39
7,47
12,40
7,47
11,48
6,37
15,44
7,34
11,43
11,45
16,38
15,46
12,37
9,32
6,35
13,35
13,38
12,37
15,38
16,40
11,47
15,27
8,32
15,47
12,32
14,42
16,45
9,43
12,34
11,34
8,41
8,41
14,41
9,46
10,43
9,45
6,49
10,43
8,39
12,51
9,36
7,36
16,35
7,34
15,34
10,47
11,29
14,45
11,33
9,40
18,38
14,29
6,51
7,38
10,53
14,38
10,34
12,37
6,53
11,44
13,41
16,49
10,41
15,38
12,49
9,42
10,46
7,36
15,37
13,39
11,37
13,41
10,54
11,33
16,39
14,44
10,41
11,36
9,43
10,52
12,49
11,49
10,32
16,47
8,36
13,32
10,40
8,39
13,41
11,56
15,32
10,51
14,45
10,33
14,38
16,41
11,45
14,48
9,37
18,41
14,36
14,36
10,48
13,40
11,28
16,41
12,49
7,53
6,39
13,42
10,47
7,37
15,37
18,35
19,32
13,40
15,46
9,49
16,36
11,54
7,39
8,42
11,40
11,32
9,40
6,47
14,48
9,49
8,36
8,38
9,36
16,49
10,45
15,40
11,36
9,41
12,42
15,42
12,31
13,47
7,44
10,37
7,44
11,44
13,46
18,30
8,48
15,40
10,37
11,47
9,45
11,45
14,41
22,39
17,35
12,30
10,45
16,46
9,38
10,24
11,41
12,29
12,41
17,52
11,39
13,30
9,46
8,39
15,54
9,48
11,55
12,49
9,46
8,47
11,39
14,45
8,52
9,38
14,32
6,31
9,50
11,45
18,44
7,41
13,33
10,44
9,37
11,52
11,29
12,37
9,39
12,47
22,34
10,38
8,41
12,42
12,36
10,47
10,30
14,38
9,42
11,42
11,42
13,43
13,46
10,46
9,34
7,45
14,47
13,43
12,42
12,45
7,28
17,33
10,42
10,34
12,46
11,49
11,33
12,43
14,48
13,42
10,31
16,32
9,38
9,38
11,48
16,51
13,41
14,42
12,37
13,38
11,36
8,39
21,33
14,38
13,39
15,37
18,38
12,33
14,44
18,42
17,43
2,39
8,40
14,34
11,36
11,47
10,45
14,49
6,49
13,42
12,45
11,37
11,33
10,33
12,51
11,37
15,43
12,49
13,37
8,39
14,39
10,30
8,43
13,40
17,40
11,47
4,43
11,39
11,42
9,29
14,45
9,36
9,39
12,33
12,34
13,35
7,41
6,50
9,37
10,51
11,55
12,32
10,52
14,42
12,51
8,40
6,27
12,42
11,41
11,40
8,49
14,53
12,39
12,37
13,51
12,28
14,34
17,49
16,50
17,42
13,43
16,43
20,30
6,29
14,40
10,51
13,38
11,37
7,36
8,32
13,39
11,29
11,39
8,49
14,35
9,44
12,32
10,48
12,40
6,50
12,54
11,49
14,31
13,46
10,48
10,46
10,42
12,38
9,48
7,54
9,44
6,41
7,40
17,51
14,38
8,25
13,45
7,36
12,50
9,43
8,38
12,44
18,42
12,32
13,29
10,47
10,51
11,37
10,43
9,41
13,53
14,32
13,34
9,35
9,37
9,37
15,56
11,42
6,39
16,35
10,46
9,49
15,39
3,41
13,48
15,42
9,41
19,44
6,46
15,29
14,33
12,42
8,43
14,37
14,44
9,36
10,50
9,36
8,40
10,43
6,46
11,44
14,36
12,51
11,54
5,42
11,45
17,47
8,40
10,50
7,49
13,41
7,29
12,41
10,53
16,36
11,41
9,49
14,36
7,38
12,37
11,38
16,35
9,34
9,49
7,41
15,45
19,44
10,50
11,39
15,36
8,34
12,44
12,55
6,39
16,38
8,46
12,42
17,49
12,43
12,49
13,35
12,45
11,41
14,45
12,35
12,47
10,50
11,43
11,42
14,42
8,43
15,34
10,41
10,39
20,30
7,40
8,32
12,42
7,37
15,30
12,36
8,44
14,41
11,41
7,40
7,38
9,56
13,39
11,47
11,33
6,57
11,38
10,41
13,53
10,39
10,52
6,33
12,43
6,51
17,33
13,43
6,45
18,42
4,39
3,31
11,35
9,43
10,46
18,50
14,39
10,49
12,44
7,31
16,33
8,40
16,35
16,42
20,39
7,33
11,44
11,42
10,41
7,33
6,32
13,55
10,48
12,44
10,40
13,45
13,43
12,40
7,28
12,38
5,37
11,39
8,44
12,41
7,42
7,51
15,44
10,36
11,48
13,57
7,49
5,45
10,38
11,38
11,62
12,41
14,48
18,50
8,41
12,38
19,48
9,38
9,39
12,46
7,30
6,37
11,38
12,41
12,38
10,46
18,43
11,34
13,43
6,37
12,26
14,44
11,48
13,39
11,37
12,40
6,39
12,44
13,39
10,46
11,28
11,49
19,37
9,48
7,30
13,43
14,36
10,38
8,46
13,35
9,39
10,47
10,46
8,32
10,46
12,40
5,31
10,35
10,45
19,37
11,41
8,46
12,36
13,47
8,42
13,42
9,38
13,39
15,49
10,43
13,31
10,51
13,46
6,44
12,40
9,44
11,44
13,55
13,52
7,46
12,34
10,42
6,35
15,45
17,37
10,46
9,43
12,30
9,40
15,33
9,47
11,28
11,52
12,49
11,43
6,36
11,47
14,44
8,40
12,41
7,28
4,38
7,39
14,30
14,43
8,45
8,44
10,39
16,46
13,41
13,41
8,50
9,44
17,49
15,47
13,54
16,48
13,48
8,48
13,36
8,36
17,44
9,38
8,42
17,43
10,48
14,47
13,37
8,40
8,43
14,51
4,42
6,54
16,33
14,45
8,39
7,52
12,44
14,41
11,36
15,43
12,39
14,31
11,34
7,38
11,42
11,50
9,41
11,43
11,36
9,42
10,37
20,37
8,38
20,47
16,46
16,42
8,34
10,41
11,42
13,33
14,34
9,41
14,43
8,40
13,39
10,45
12,39
7,45
11,33
12,35
9,48
11,39
16,40
17,32
9,39
11,51
13,38
11,48
9,36
11,39
10,43
19,40
15,32
14,48
11,44
12,40
14,41
12,41
10,43
17,32
7,40
15,43
11,42
11,43
17,49
15,50
7,49
9,54
15,39
13,44
13,31
13,45
9,34
5,34
12,35
8,34
9,47
9,42
7,37
4,45
13,41
9,40
11,40
8,50
13,38
11,36
12,41
15,42
13,24
7,43
12,31
10,47
15,47
14,32
9,45
12,37
11,44
9,44
15,37
9,40
9,39
10,45
10,39
11,37
11,37
7,43
8,44
12,32
10,39
5,41
10,45
16,32
8,48
10,43
9,42
10,31
12,46
13,44
11,45
12,29
13,45
11,42
10,42
7,46
6,30
8,48
11,47
13,38
9,31
14,40
13,49
7,50
19,42
12,35
10,41
10,44
8,32
9,49
8,40
9,47
10,40
9,42
12,36
8,41
17,32
12,49
9,40
11,48
10,51
13,44
8,37
13,48
12,44
10,36
8,42
14,43
8,45
6,49
11,45
15,46
8,38
12,32
16,51
13,39
11,39
9,51
15,45
17,41
14,43
12,35
9,38
15,38
19,39
13,48
10,44
15,37
6,50
9,41
10,40
10,33
13,37
17,39
8,42
16,36
9,49
7,47
11,30
12,44
11,35
15,36
9,49
8,47
7,42
8,41
8,49
5,44
17,40
10,24
10,40
11,48
9,49
17,37
9,34
14,31
17,38
13,51
15,36
13,45
16,43
6,34
12,49
9,51
15,36
9,34
11,52
12,46
9,48
13,44
11,32
7,45
12,45
11,45
15,34
18,51
12,36
19,32
10,45
8,45
10,46
3,42
11,47
9,49
5,37
12,44
11,43
7,33
5,32
9,47
13,38
13,37
14,27
15,44
15,34
15,44
15,47
12,55
9,52
9,42
7,40
13,46
10,40
7,38
10,41
14,43
10,40
9,31
17,44
8,33
14,44
14,46
11,44
13,33
10,43
10,33
9,42
16,47
9,42
12,37
15,37
9,54
13,50
14,38
10,48
10,37
17,29
7,33
9,34
8,49
14,35
5,45
11,44
9,29
8,35
9,42
14,45
11,44
8,38
9,39
13,33
13,41
8,38
16,39
9,44
11,44
17,42
17,41
18,42
11,34
8,46
6,43
5,38
9,43
8,39
13,37
7,51
11,39
9,41
15,40
10,32
7,37
8,51
6,46
9,36
7,32
14,41
11,51
22,50
15,47
14,26
17,42
13,43
9,38
10,42
7,42
11,47
11,39
13,51
12,48
8,40
9,46
7,48
12,36
9,34
13,28
15,42
17,47
11,36
10,61
12,35
12,43
13,35
10,42
9,36
12,48
16,44
13,33
14,44
14,54
8,30
11,44
9,32
11,38
14,32
11,44
8,41
8,43
8,35
11,41
10,45
10,42
10,53
6,40
14,54
9,30
9,42
13,43
13,61
11,35
5,38
17,39
11,46
12,40
9,48
12,33
8,48
19,36
13,52
10,41
18,45
12,45
15,40
13,38
9,40
12,42
15,45
10,49
14,39
17,45
11,34
11,43
13,38
14,36
9,39
10,47
7,34
11,47
14,31
12,34
7,35
14,36
11,37
10,48
12,37
9,37
12,40
9,43
7,38
8,47
9,49
12,37
7,38
10,39
16,29
15,44
11,33
11,53
17,40
8,35
14,34
9,38
15,54
12,32
14,40
11,54
13,31
13,34
9,32
10,31
17,41
9,56
10,38
8,39
14,48
10,45
10,45
12,44
12,44
9,44
8,30
6,43
10,48
11,37
13,33
9,44
9,46
8,46
16,48
15,46
9,37
13,34
8,43
15,44
12,44
6,34
13,34
13,52
4,38
7,48
15,44
8,35
17,38
11,39
13,42
12,54
7,32
16,43
12,51
6,51
7,36
6,43
12,37
12,43
13,25
10,49
9,49
17,43
9,47
9,39
16,36
16,39
8,41
12,38
11,45
11,32
14,44
6,53
4,34
11,32
16,49
11,47
13,42
12,36
9,57
16,48
5,44
12,38
9,38
9,43
10,41
7,50
10,37
12,46
8,29
15,33
12,42
10,45
13,46
10,34
3,39
15,34
22,48
8,42
13,34
12,37
18,39
13,42
13,43
15,48
7,24
13,25
12,48
9,34
13,42
8,39
8,43
5,47
13,49
10,42
10,48
6,35
11,42
6,47
15,38
10,41
8,36
13,46
7,36
13,28
10,37
10,29
10,42
5,37
18,36
8,43
7,32
5,48
12,41
14,35
11,44
12,45
14,37
11,49
13,44
13,37
12,42
15,40
11,39
9,38
10,45
9,46
17,46
10,39
13,51
12,38
14,48
15,34
9,35
13,39
12,38
11,47
13,35
13,49
18,41
11,42
10,39
12,41
9,36
12,38
2,50
13,35
13,33
5,39
12,34
16,45
10,31
12,38
13,48
8,39
12,44
13,30
13,30
13,32
12,52
11,35
11,43
8,42
11,41
10,38
14,60
14,40
10,36
11,34
11,46
13,40
8,46
6,38
12,27
11,39
16,41
17,40
7,38
11,38
13,36
12,37
11,40
10,40
9,33
11,44
9,38
11,28
14,43
10,42
8,38
11,42
17,43
10,43
9,38
13,41
12,39
11,30
9,48
15,42
12,43
14,39
8,40
9,34
7,35
14,44
5,38
9,48
13,35
8,52
14,37
9,38
8,24
9,42
7,34
8,41
12,37
9,39
8,37
13,31
10,34
11,47
7,44
17,33
16,38
8,47
8,50
12,45
16,32
14,41
10,53
9,45
8,46
10,45
8,51
8,45
12,51
5,46
12,50
13,37
9,37
15,38
15,42
14,32
10,44
10,38
10,47
11,40
16,45
16,42
17,37
9,45
13,42
13,38
8,42
10,42
9,36
10,46
16,46
15,44
8,49
10,42
11,41
18,45
11,40
14,45
12,39
13,37
18,49
12,51
10,36
21,49
12,38
10,46
11,45
8,44
11,38
11,45
9,53
14,42
15,33
8,35
10,43
7,46
12,40
11,35
14,41
10,37
6,35
5,51
10,51
8,30
11,37
8,57
12,36
9,41
9,43
15,37
17,33
11,40
9,43
12,44
11,44
10,37
12,46
12,39
9,40
9,49
10,46
12,44
15,34
13,32
13,39
12,41
13,51
9,35
8,35
12,36
10,48
13,47
11,44
9,45
18,43
10,45
12,50
7,34
12,38
10,29
14,23
10,42
14,44
9,46
9,46
10,35
5,40
13,32
12,48
11,37
16,42
12,42
12,43
10,38
10,49
12,49
9,41
12,52
8,46
12,37
17,34
16,44
11,46
7,39
8,48
13,38
10,33
12,46
11,49
14,33
14,45
9,37
14,48
10,28
9,42
10,41
13,36
15,44
15,44
9,40
4,47
9,31
8,40
14,41
13,39
17,41
12,44
12,45
15,42
11,40
16,38
11,51
12,44
9,43
10,42
7,53
11,46
12,47
12,34
7,41
5,38
13,42
12,37
12,42
13,32
9,34
14,48
12,42
6,26
13,44
14,41
10,48
14,31
12,35
10,43
15,57
8,40
14,36
12,44
9,51
12,41
6,41
13,44
13,35
9,43
14,47
5,47
13,50
4,36
14,36
5,41
10,38
12,34
12,35
15,51
10,40
7,33
10,43
10,56
12,48
20,49
16,36
11,43
15,47
10,41
18,40
16,39
13,46
18,42
8,52
8,45
9,38
10,41
11,40
14,36
12,51
9,35
11,48
12,33
11,43
10,45
6,39
11,44
12,40
11,40
14,38
9,46
16,37
15,43
14,36
5,40
10,34
11,40
16,37
14,47
8,33
12,50
14,45
10,45
9,32
5,41
14,35
9,41
10,32
10,47
12,43
9,54
8,42
8,41
10,43
6,42
7,38
8,50
5,44
13,43
11,53
11,45
12,41
6,40
14,51
11,52
17,40
10,33
11,43
8,47
14,52
14,36
13,49
9,46
12,41
13,37
10,40
9,42
14,42
13,44
9,42
12,44
9,44
19,41
12,42
12,43
10,34
13,51
10,39
12,45
13,41
10,44
9,35
10,59
12,36
11,43
10,40
7,38
12,40
11,38
17,44
7,43
16,38
12,49
11,38
15,35
10,38
12,43
8,38
7,37
9,42
12,33
17,48
12,32
5,43
4,42
18,44
7,41
9,43
13,44
8,31
15,41
10,43
13,58
15,33
8,58
9,42
12,36
9,40
8,49
15,41
12,38
12,38
5,38
19,43
9,39
15,46
10,42
15,35
13,57
10,43
12,40
11,45
15,48
7,27
10,36
15,36
13,28
15,42
9,50
9,45
13,48
7,39
11,47
9,46
11,41
14,49
10,34
6,45
11,51
13,37
11,35
12,44
9,29
9,39
7,52
16,46
14,44
10,42
12,40
9,32
13,45
10,34
7,35
12,45
6,47
10,50
11,39
13,47
11,55
14,44
8,44
6,39
8,27
13,39
13,43
14,41
15,43
9,44
13,44
14,44
14,40
13,40
9,49
14,38
12,44
8,36
11,45
6,44
11,48
12,41
8,36
13,46
19,43
11,34
6,33
13,40
9,34
11,43
13,35
10,45
9,34
10,53
6,37
12,35
14,47
8,38
14,34
11,43
16,37
10,34
12,32
9,45
17,42
10,40
16,41
6,51
10,43
14,38
9,32
15,38
8,37
9,38
8,46
11,49
14,40
12,36
12,40
13,36
17,43
9,33
11,32
10,52
15,49
15,35
10,50
10,39
9,49
10,59
10,46
13,34
10,30
8,37
14,42
10,40
12,43
6,26
9,37
5,43
9,31
9,47
8,54
13,56
10,35
8,39
12,47
18,30
15,38
9,35
8,55
14,43
18,42
6,41
16,46
6,50
17,39
13,49
15,44
10,41
10,47
12,37
7,45
9,49
11,40
10,36
12,35
23,42
11,42
15,40
16,40
12,44
7,41
8,49
6,38
15,43
18,36
11,33
17,45
14,43
20,34
9,48
13,43
11,44
14,44
14,38
8,26
12,42
14,48
5,38
11,34
8,45
11,32
15,39
10,39
15,30
12,28
15,34
11,35
12,35
9,46
17,51
5,38
11,40
13,50
8,41
15,36
9,49
16,37
15,39
9,44
11,42
8,35
11,46
9,34
16,41
4,44
10,46
10,44
11,45
12,51
15,43
19,39
9,38
8,42
15,44
14,41
10,37
9,35
11,37
14,44
16,46
7,30
11,43
14,44
8,44
13,43
11,39
12,45
9,47
11,34
8,44
9,45
10,39
12,51
17,36
11,54
10,33
16,49
6,50
12,50
8,42
16,40
10,39
13,35
13,36
12,53
13,36
2,46
10,42
7,49
8,37
12,40
13,40
10,37
13,42
14,44
14,43
10,53
11,44
9,45
12,38
10,50
13,31
9,41
13,40
11,37
8,41
12,44
18,33
11,39
13,38
12,50
10,36
9,44
10,38
10,34
9,35
4,29
13,43
10,43
8,38
8,39
10,38
9,37
10,36
19,50
7,40
8,46
5,41
17,38
17,44
14,39
11,38
13,34
9,42
11,42
8,50
5,41
11,40
13,40
6,34
12,43
8,42
11,37
11,28
11,37
13,37
7,44
9,36
10,49
14,38
11,37
18,35
8,32
10,42
14,34
12,46
9,35
11,37
17,42
13,41
7,40
9,37
11,41
10,40
15,37
10,42
13,25
9,55
13,36
9,43
7,35
14,33
12,37
9,31
11,37
15,42
16,43
10,41
16,36
9,38
9,37
15,44
6,32
11,45
14,40
12,34
12,41
14,31
14,45
11,44
10,54
13,36
9,37
10,43
12,36
12,41
8,35
7,46
12,43
14,38
10,43
13,41
9,42
11,33
9,33
9,39
7,38
7,47
8,39
14,45
11,38
17,43
